{
    "class_names": [
        "classroom",
        "hallway",
        "lab",
        "office"
    ],
    "confusion_matrix": [
        [
            16,
            0,
            2,
            0
        ],
        [
            0,
            21,
            0,
            0
        ],
        [
            0,
            0,
            37,
            3
        ],
        [
            1,
            0,
            3,
            17
        ]
    ],
    "metrics": {
        "classroom": {
            "precision": 0.9411764705882353,
            "recall": 0.8888888888888888,
            "f1-score": 0.9142857142857143,
            "support": 18.0
        },
        "hallway": {
            "precision": 1.0,
            "recall": 1.0,
            "f1-score": 1.0,
            "support": 21.0
        },
        "lab": {
            "precision": 0.8809523809523809,
            "recall": 0.925,
            "f1-score": 0.9024390243902439,
            "support": 40.0
        },
        "office": {
            "precision": 0.85,
            "recall": 0.8095238095238095,
            "f1-score": 0.8292682926829268,
            "support": 21.0
        },
        "accuracy": 0.91,
        "macro avg": {
            "precision": 0.918032212885154,
            "recall": 0.9058531746031746,
            "f1-score": 0.9114982578397212,
            "support": 100.0
        },
        "weighted avg": {
            "precision": 0.9102927170868347,
            "recall": 0.91,
            "f1-score": 0.9096933797909407,
            "support": 100.0
        }
    }
}