{
    "class_names": [
        "classroom",
        "hallway",
        "lab",
        "office"
    ],
    "confusion_matrix": [
        [
            15,
            0,
            2,
            1
        ],
        [
            0,
            21,
            0,
            0
        ],
        [
            0,
            0,
            38,
            2
        ],
        [
            2,
            0,
            2,
            17
        ]
    ],
    "metrics": {
        "classroom": {
            "precision": 0.8823529411764706,
            "recall": 0.8333333333333334,
            "f1-score": 0.8571428571428571,
            "support": 18.0
        },
        "hallway": {
            "precision": 1.0,
            "recall": 1.0,
            "f1-score": 1.0,
            "support": 21.0
        },
        "lab": {
            "precision": 0.9047619047619048,
            "recall": 0.95,
            "f1-score": 0.926829268292683,
            "support": 40.0
        },
        "office": {
            "precision": 0.85,
            "recall": 0.8095238095238095,
            "f1-score": 0.8292682926829268,
            "support": 21.0
        },
        "accuracy": 0.91,
        "macro avg": {
            "precision": 0.9092787114845938,
            "recall": 0.8982142857142856,
            "f1-score": 0.9033101045296167,
            "support": 100.0
        },
        "weighted avg": {
            "precision": 0.9092282913165266,
            "recall": 0.91,
            "f1-score": 0.9091637630662021,
            "support": 100.0
        }
    }
}