{
    "class_names": [
        "classroom",
        "hallway",
        "lab",
        "office"
    ],
    "confusion_matrix": [
        [
            18,
            0,
            0,
            0
        ],
        [
            0,
            21,
            0,
            0
        ],
        [
            1,
            0,
            38,
            4
        ],
        [
            1,
            1,
            1,
            15
        ]
    ],
    "classification_report": {
        "classroom": {
            "precision": 0.9,
            "recall": 1.0,
            "f1-score": 0.9473684210526315,
            "support": 18.0
        },
        "hallway": {
            "precision": 0.9545454545454546,
            "recall": 1.0,
            "f1-score": 0.9767441860465116,
            "support": 21.0
        },
        "lab": {
            "precision": 0.9743589743589743,
            "recall": 0.8837209302325582,
            "f1-score": 0.926829268292683,
            "support": 43.0
        },
        "office": {
            "precision": 0.7894736842105263,
            "recall": 0.8333333333333334,
            "f1-score": 0.8108108108108109,
            "support": 18.0
        },
        "accuracy": 0.92,
        "macro avg": {
            "precision": 0.9045945282787389,
            "recall": 0.9292635658914729,
            "f1-score": 0.9154381715506592,
            "support": 100.0
        },
        "weighted avg": {
            "precision": 0.9235341675867993,
            "recall": 0.92,
            "f1-score": 0.9201251261710408,
            "support": 100.0
        }
    }
}